log_text,sentiment
"The instruction_manual be easy to follow, and assembly Washington quick.",positive
"The setup instructions were unclear, and I needed to contact support.",negative
"The packaging Washington damage upon arrival, merely the merchandise Washington fine.",neutral
The customer support Washington decelerate to react to my inquiries.,negative
The company's web_site be easy to use and hour_angle helpful information.,positive
The customer service agent was rude and unhelpful.,negative
I was disappointed in the lack of customer support options.,negative
The return process was simple and straightforward.,positive
The guarantee information Washington difficult to discovery on the website.,negative
"The apparatus instruction_manual be unclear, and iodine necessitate to contact support.",negative
The merchandise be durable and hour_angle last longer than expected.,positive
The online chat support was helpful and resolved my issue immediately.,positive
"The setup instructions were unclear, and I needed to contact support.",negative
The product is durable and has lasted longer than expected.,positive
"The instructions were easy to follow, and assembly was quick.",positive
I would recommend product to my friends and family.,positive
return process was simple and straightforward.,positive
iodine found the user interface intuitive and easy to learn.,positive
I would recommend this product my friends family.,positive
The product is exactly as described on the website.,positive
The software crashed several times during use.,negative
The company's web_site be easy to use and hour_angle helpful information.,positive
The software crashed several times during use.,negative
The customer support Washington decelerate to react to my inquiries.,negative
The process was smooth and hassle-free.,positive
I was disappointed in the lack of customer support options.,negative
The company's response to my ailment Washington unsatisfactory.,negative
"The packaging Washington damage upon arrival, merely the merchandise Washington fine.",neutral
The customer support was slow to respond to my inquiries.,negative
I would recommend this product to my friends and family.,positive
"The packaging was damaged upon arrival, but the product was fine.",neutral
The product is not compatible existing system.,negative
The refund process was smooth and hassle-free.,positive
The warranty information was difficult to find on the website.,negative
The return process was simple straightforward.,positive
The customer service agent was rude and unhelpful.,negative
The product is of quality and frequently malfunctions.,negative
The on-line chat support Washington helpful and decide my issue immediately.,positive
The company resolved my problem promptly and courteously.,positive
I'm very happy with the speed of delivery.,positive
The online chat support was helpful and resolved my issue immediately.,positive
The merchandise be durable and hour_angle last longer than expected.,positive
The monetary_value Washington reasonable for the quality of the product.,positive
I would recommend this product to my friends and family.,positive
The merchandise exceed my expectations.,positive
I had a great experience overall and will from this company again.,positive
"iodine have angstrom problem with my order, merely the customer service team decide information_technology efficiently.",positive
The customer service agent was rude and unhelpful.,negative
The product met my expectations and satisfied with purchase.,positive
"iodine receive angstrom follow-up electronic_mail after my purchase, which Washington angstrom Nice touch.",positive
The tax_return procedure Washington simple and straightforward.,positive
company resolved my problem promptly and courteously.,positive
The refund was smooth and hassle-free.,positive
The customer service agent was rude and unhelpful.,negative
"The instruction_manual be easy to follow, and assembly Washington quick.",positive
"I received a follow-up email after my purchase, which a nice",positive
"The instructions were easy to follow, and assembly was quick.",positive
iodine appreciate the prompt attention to my order.,positive
The tax_return procedure Washington simple and straightforward.,positive
The software crashed times during use.,negative
The refund process was smooth and hassle-free.,positive
The merchandise be durable and hour_angle last longer than expected.,positive
The product is not compatible with my existing system.,negative
iodine would recommend this merchandise to my friend and family.,positive
company's website is easy to and has helpful information.,positive
The product is exactly as described on the website.,positive
The customer support was slow to respond to my inquiries.,negative
iodine have angstrom great experience overall and volition purchase from this company again.,positive
iodine have angstrom great experience overall and volition purchase from this company again.,positive
The warranty information was difficult to find on the website.,negative
The product is not compatible with my existing system.,negative
The online chat support was helpful and resolved my immediately.,positive
The merchandise be not compatible with my exist system.,negative
The return process was simple and straightforward.,positive
The product is durable and has lasted longer than expected.,positive
"The packaging Washington damage upon arrival, merely the merchandise Washington fine.",neutral
The product exceeded my expectations.,positive
The product met expectations and I am satisfied with my purchase.,positive
"The packaging was damaged upon arrival, but the was fine.",neutral
"The setup instructions were unclear, and to contact support.",negative
I appreciate the prompt attention to my order.,positive
The product is durable and has lasted longer than expected.,positive
The customer support was slow to respond to my inquiries.,negative
The product is exactly as described on the website.,positive
was disappointed in the lack of customer support options.,negative
The company decide my problem promptly and courteously.,positive
The company resolved my problem promptly courteously.,positive
The product's features are limited compared to competitors.,negative
The product is exactly as described on the website.,positive
I found the user interface intuitive and easy to learn.,positive
product is durable and has lasted longer than expected.,positive
The product exceeded my expectations.,positive
The customer service agent was rude and unhelpful.,negative
The product is not compatible with my existing system.,negative
The online chat support was helpful and my issue immediately.,positive
The refund procedure Washington smooth and hassle-free.,positive
"iodine have angstrom problem with my order, merely the customer service team decide information_technology efficiently.",positive
"iodine receive angstrom follow-up electronic_mail after my purchase, which Washington angstrom Nice touch.",positive
The product was well-packaged and arrived in perfect condition.,positive
The company decide my problem promptly and courteously.,positive
The company's response to my complaint was unsatisfactory.,negative
The company decide my problem promptly and courteously.,positive
The product is of poor quality and frequently malfunctions.,negative
The online chat support was helpful and resolved my issue immediately.,positive
I had a great experience overall and will purchase from this company again.,positive
The product is of poor quality and frequently malfunctions.,negative
The product was well-packaged and arrived in perfect condition.,positive
The customer support was slow respond to my inquiries.,negative
The warranty was difficult to find the website.,negative
The merchandise Washington well-packaged and arrive inch perfective condition.,positive
I am very satisfied with this purchase and will buy it again.,positive
The customer service agent was rude and unhelpful.,negative
The refund process was smooth and hassle-free.,positive
The customer service agent Washington ill-mannered and unhelpful.,negative
The return process was simple and straightforward.,positive
The guarantee information Washington difficult to discovery on the website.,negative
The company resolved my problem promptly and courteously.,positive
The warranty information difficult to on,negative
The customer support Washington decelerate to react to my inquiries.,negative
iodine appreciate the prompt attention to my order.,positive
iodine have angstrom great experience overall and volition purchase from this company again.,positive
The customer support Washington decelerate to react to my inquiries.,negative
The product was well-packaged and arrived in perfect condition.,positive
The product is exactly as described on the website.,positive
iodine americium very satisfy with this purchase and volition bargain information_technology again.,positive
The company's response to my complaint was unsatisfactory.,negative
"The packaging was damaged upon arrival, but product was fine.",neutral
I found the user interface intuitive and easy to learn.,positive
The merchandise be durable and hour_angle last longer than expected.,positive
The product is not compatible with my existing system.,negative
I appreciate the prompt attention to my order.,positive
The customer support Washington decelerate to react to my inquiries.,negative
The product met my expectations and I am satisfied with my purchase.,positive
The product is exactly as described on the website.,positive
I would recommend this product to my friends and family.,positive
The customer service agent was rude and unhelpful.,negative
I was disappointed in the lack of customer support options.,negative
"The apparatus instruction_manual be unclear, and iodine necessitate to contact support.",negative
I'm very happy with the speed of delivery.,positive
I found the user interface intuitive and easy to learn.,positive
The customer support was slow to respond to my inquiries.,negative
The company's web_site be easy to use and hour_angle helpful information.,positive
The product's feature are express compare to competitors.,negative
The company's website is easy to use and has helpful information.,positive
I am very satisfied with this purchase and will buy it again.,positive
The software crash several times during use.,negative
The product is durable and has lasted longer than expected.,positive
The product was well-packaged and arrived in perfect,positive
iodine would recommend this merchandise to my friend and family.,positive
"The packaging Washington damage upon arrival, merely the merchandise Washington fine.",neutral
"I received a follow-up email after my purchase, which was a nice touch.",positive
I'm very happy with the speed of delivery.,positive
iodine americium very satisfy with this purchase and volition bargain information_technology again.,positive
"The were easy to follow, and assembly was",positive
The merchandise Washington well-packaged and arrive inch perfective condition.,positive
The product is not compatible with my existing system.,negative
The customer service agent Washington ill-mannered and unhelpful.,negative
"iodine have angstrom problem with my order, merely the customer service team decide information_technology efficiently.",positive
The refund process was smooth and hassle-free.,positive
am very satisfied with this purchase and will buy it again.,positive
The product is not compatible with my existing system.,negative
"I received a follow-up email after my purchase, which was a nice touch.",positive
I am very satisfied with this purchase and will buy it again.,positive
The merchandise be precisely arsenic describe on the website.,positive
"The instruction_manual be easy to follow, and assembly Washington quick.",positive
"The packaging was damaged upon arrival, but the product was fine.",neutral
The tax_return procedure Washington simple and straightforward.,positive
The customer support Washington decelerate to react to my inquiries.,negative
iodine would recommend this merchandise to my friend and family.,positive
The software crash several times during use.,negative
The warranty was difficult to on the website.,negative
The product is not compatible with my existing system.,negative
The refund procedure Washington smooth and hassle-free.,positive
The guarantee information Washington difficult to discovery on the website.,negative
iodine would recommend this merchandise to my friend and family.,positive
"The instruction_manual be easy to follow, and assembly Washington quick.",positive
The exceeded my expectations.,positive
The product is not compatible with my existing system.,negative
The website is easy to and has helpful information.,positive
The software crashed several times during use.,negative
The product was well-packaged and arrived in perfect condition.,positive
"received a follow-up email after purchase, which a nice touch.",positive
The company's response to my ailment Washington unsatisfactory.,negative
The product is durable and has lasted longer than expected.,positive
would recommend this product to my friends and family.,positive
I appreciate the prompt attention to my order.,positive
"The packaging was upon arrival, but the product was fine.",neutral
The product's features are limited compared to competitors.,negative
The product is of poor quality and frequently malfunctions.,negative
I found the user interface intuitive and easy to learn.,positive
I found the user interface intuitive and easy to learn.,positive
The product is exactly as described on the website.,positive
product exceeded my,positive
The refund process was smooth and hassle-free.,positive
The product's features are limited compared to competitors.,negative
The my expectations and I am with my purchase.,positive
The met my expectations and I am satisfied with purchase.,positive
I had a great experience overall and will purchase from this company again.,positive
The customer support was slow respond to my inquiries.,negative
The company's response to my complaint was unsatisfactory.,negative
The merchandise be precisely arsenic describe on the website.,positive
I found the user interface intuitive and easy to learn.,positive
The price was reasonable for the quality of the product.,positive
I'm very happy with the speed of delivery.,positive
I'm very happy with the speed of delivery.,positive
I appreciate the prompt attention to my order.,positive
found the user interface intuitive and easy to learn.,positive
The refund process was smooth and hassle-free.,positive
The product is exactly as described on the website.,positive
"The instruction_manual be easy to follow, and assembly Washington quick.",positive
very happy with the speed of delivery.,positive
I was disappointed in the lack of customer support options.,negative
iodine americium very satisfy with this purchase and volition bargain information_technology again.,positive
"iodine have angstrom problem with my order, merely the customer service team decide information_technology efficiently.",positive
The company resolved my problem promptly and courteously.,positive
The company's website is easy to use and has helpful information.,positive
I found the user interface intuitive and easy to learn.,positive
The monetary_value Washington reasonable for the quality of the product.,positive
refund process was smooth and hassle-free.,positive
I am satisfied with this purchase will buy it again.,positive
"iodine have angstrom problem with my order, merely the customer service team decide information_technology efficiently.",positive
iodine americium very satisfy with this purchase and volition bargain information_technology again.,positive
I'm very happy with the speed of delivery.,positive
The product is not compatible with my existing system.,negative
The company's web_site be easy to use and hour_angle helpful information.,positive
I was disappointed in the lack of customer support options.,negative
The customer service agent was rude and unhelpful.,negative
The customer service agent Washington ill-mannered and unhelpful.,negative
"The instructions were easy to follow, and assembly was quick.",positive
iodine have angstrom great experience overall and volition purchase from this company again.,positive
"I received a email after my purchase, which was a touch.",positive
"iodine have angstrom problem with my order, merely the customer service team decide information_technology efficiently.",positive
I would recommend this product to my and family.,positive
The warranty information was difficult to find on the website.,negative
The product is exactly as described on the website.,positive
The return process was simple and straightforward.,positive
The product exceeded my expectations.,positive
The online support was helpful and resolved immediately.,positive
The tax_return procedure Washington simple and straightforward.,positive
"The packaging was damaged upon arrival, but the product was fine.",neutral
"The instructions were easy to follow, and assembly was quick.",positive
I would recommend this product to my friends and family.,positive
The product's features are compared to competitors.,negative
The product is of poor quality and frequently malfunctions.,negative
The company's web_site be easy to use and hour_angle helpful information.,positive
The warranty information was difficult to find on the website.,negative
The merchandise Washington well-packaged and arrive inch perfective condition.,positive
The tax_return procedure Washington simple and straightforward.,positive
return process was simple and straightforward.,positive
The product is exactly as described on the website.,positive
The merchandise be durable and hour_angle last longer than expected.,positive
The customer service agent was rude and unhelpful.,negative
The product is of poor quality and frequently malfunctions.,negative
I had a great experience overall and will purchase from this company again.,positive
"The instructions were easy to follow, and assembly was quick.",positive
"The setup instructions were unclear, and I needed to contact support.",negative
The product exceeded my expectations.,positive
I appreciate the prompt attention to my order.,positive
"The packaging Washington damage upon arrival, merely the merchandise Washington fine.",neutral
The software crashed times during use.,negative
"I had a problem with my order, but the customer service team resolved it efficiently.",positive
"The instruction_manual be easy to follow, and assembly Washington quick.",positive
The return process was simple and straightforward.,positive
The on-line chat support Washington helpful and decide my issue immediately.,positive
I found the user interface intuitive and easy to,positive
The return process was simple and straightforward.,positive
The product is exactly as described the website.,positive
The merchandise be of poor_people quality and frequently malfunctions.,negative
The product is of poor quality and frequently malfunctions.,negative
The monetary_value Washington reasonable for the quality of the product.,positive
I found the user interface intuitive and easy to learn.,positive
"received a follow-up email after my purchase, was a nice touch.",positive
product exceeded my expectations.,positive
I found the interface intuitive and easy to learn.,positive
"The instruction_manual be easy to follow, and assembly Washington quick.",positive
The customer support Washington decelerate to react to my inquiries.,negative
"I had a problem with my order, but the customer service team resolved it efficiently.",positive
The were easy to and assembly was,positive
appreciate the prompt attention to my order.,positive
iodine Washington disappoint inch the lack of customer support options.,negative
The company's response to my complaint was unsatisfactory.,negative
"The instruction_manual be easy to follow, and assembly Washington quick.",positive
The product's features are limited compared to competitors.,negative
The product was well-packaged and arrived in perfect condition.,positive
"iodine have angstrom problem with my order, merely the customer service team decide information_technology efficiently.",positive
The company's response to my ailment Washington unsatisfactory.,negative
The process smooth and hassle-free.,positive
iodine have angstrom great experience overall and volition purchase from this company again.,positive
The price was reasonable the quality of the product.,positive
"The packaging was damaged upon arrival, but the product was fine.",neutral
The company resolved my problem promptly and courteously.,positive
I am very satisfied with this purchase and will buy it again.,positive
The company decide my problem promptly and courteously.,positive
The product's feature are express compare to competitors.,negative
The product is not compatible with my existing system.,negative
"I had a problem with order, but the customer service team resolved it",positive
The service agent was rude and unhelpful.,negative
"iodine have angstrom problem with my order, merely the customer service team decide information_technology efficiently.",positive
I'm very happy with the speed of delivery.,positive
The online chat support was helpful and resolved my issue immediately.,positive
I appreciate the prompt attention to my order.,positive
I was disappointed in the lack of customer support options.,negative
"I received a follow-up email after my purchase, which was a nice touch.",positive
The product's features are limited compared to competitors.,negative
"I had a problem with my order, but the customer service team resolved it efficiently.",positive
iodine found the user interface intuitive and easy to learn.,positive
The software crash several times during use.,negative
I appreciate the prompt attention to my order.,positive
The product is of poor quality and frequently malfunctions.,negative
The refund procedure Washington smooth and hassle-free.,positive
company's website is easy to use and has helpful information.,positive
iodine Washington disappoint inch the lack of customer support options.,negative
The price was reasonable for the quality of the product.,positive
I am very satisfied with this purchase and will buy it again.,positive
The company's response to my complaint was unsatisfactory.,negative
"I received a follow-up email after my purchase, which was a nice touch.",positive
The product was well-packaged and arrived in perfect condition.,positive
The guarantee information Washington difficult to discovery on the website.,negative
iodine americium very satisfy with this purchase and volition bargain information_technology again.,positive
I appreciate the prompt attention to order.,positive
The product's feature are express compare to competitors.,negative
I appreciate the prompt attention to my order.,positive
"The instructions were easy to follow, and assembly",positive
"The packaging Washington damage upon arrival, merely the merchandise Washington fine.",neutral
iodine appreciate the prompt attention to my order.,positive
I would recommend this product to my friends and family.,positive
I had a great experience overall and will purchase from this company again.,positive
The guarantee information Washington difficult to discovery on the website.,negative
The product is of poor and frequently malfunctions.,negative
"The instructions were easy to follow, and assembly was quick.",positive
The merchandise be not compatible with my exist system.,negative
The merchandise meet my expectation and iodine americium satisfy with my purchase.,positive
very happy with the speed of delivery.,positive
I would recommend this product to my friends and family.,positive
The refund process was smooth and hassle-free.,positive
iodine would recommend this merchandise to my friend and family.,positive
found the user interface and easy to learn.,positive
The product is of poor quality and frequently malfunctions.,negative
"iodine have angstrom problem with my order, merely the customer service team decide information_technology efficiently.",positive
product met my expectations and I am satisfied my purchase.,positive
The company decide my problem promptly and courteously.,positive
The company resolved my problem promptly and courteously.,positive
The product's features are limited compared to competitors.,negative
The product was well-packaged arrived in perfect condition.,positive
The return process was simple and,positive
The company resolved my promptly and courteously.,positive
The company's website is easy to use and has helpful information.,positive
The software crash several times during use.,negative
"I had a problem with my order, but the customer service team resolved it efficiently.",positive
service agent was rude and unhelpful.,negative
I am very satisfied with this purchase and will buy it again.,positive
"The packaging was damaged upon arrival, but product was fine.",neutral
The refund process was smooth and hassle-free.,positive
I am very satisfied with this purchase and will buy it again.,positive
The refund procedure Washington smooth and hassle-free.,positive
customer support was slow to to my inquiries.,negative
The online support was helpful and resolved my issue immediately.,positive
The software crash several times during use.,negative
The warranty information was difficult to find on the website.,negative
The merchandise exceed my expectations.,positive
iodine appreciate the prompt attention to my order.,positive
The on-line chat support Washington helpful and decide my issue immediately.,positive
I'm very happy with the speed of delivery.,positive
The software crashed several times use.,negative
I am very satisfied with this purchase and will buy it again.,positive
"The packaging Washington damage upon arrival, merely the merchandise Washington fine.",neutral
"The were easy to follow, and assembly was quick.",positive
"iodine receive angstrom follow-up electronic_mail after my purchase, which Washington angstrom Nice touch.",positive
The tax_return procedure Washington simple and straightforward.,positive
I am very satisfied with this purchase and will buy it again.,positive
The product is of poor quality and frequently malfunctions.,negative
"The packaging was damaged upon arrival, but the product was fine.",neutral
The product is durable and has lasted longer than expected.,positive
The warranty information was difficult to find on the website.,negative
"The instruction_manual be easy to follow, and assembly Washington quick.",positive
The product was well-packaged and arrived in perfect condition.,positive
I would recommend this product to my friends and family.,positive
The product's features are limited compared to competitors.,negative
"I had a problem with my order, but the customer service team it efficiently.",positive
The guarantee information Washington difficult to discovery on the website.,negative
iodine americium very satisfy with this purchase and volition bargain information_technology again.,positive
I appreciate the prompt attention to my order.,positive
The return process was and straightforward.,positive
"The instructions were easy to follow, and assembly was quick.",positive
The product was well-packaged and arrived in perfect condition.,positive
The is durable and has lasted longer than expected.,positive
The refund process was smooth,positive
The product met my expectations and I am satisfied with my purchase.,positive
The online chat support was helpful and resolved my issue immediately.,positive
The product was well-packaged and arrived in perfect condition.,positive
The is not compatible with my existing system.,negative
I had a great experience and will purchase from this company again.,positive
The product is not compatible with my existing system.,negative
The merchandise be precisely arsenic describe on the website.,positive
"The setup instructions were unclear, and I needed contact support.",negative
The product's features are limited compared to competitors.,negative
The product was well-packaged and arrived in perfect condition.,positive
I found the user interface intuitive and easy to learn.,positive
iodine americium very satisfy with this purchase and volition bargain information_technology again.,positive
"The packaging was damaged upon arrival, but the product was fine.",neutral
I'm very happy with the speed of delivery.,positive
I am very satisfied with this purchase and will buy it again.,positive
I found the user interface intuitive and easy to learn.,positive
I would recommend this product to my friends and,positive
The warranty information difficult to find on the website.,negative
The product is and has lasted longer than expected.,positive
iodine Washington disappoint inch the lack of customer support options.,negative
The merchandise exceed my expectations.,positive
I appreciate the prompt attention my order.,positive
The product exceeded my expectations.,positive
The company resolved my problem promptly and courteously.,positive
The company's response to my complaint was unsatisfactory.,negative
The product is not compatible with my existing system.,negative
The merchandise be of poor_people quality and frequently malfunctions.,negative
The software crashed several times during use.,negative
The company resolved my problem promptly and courteously.,positive
I was in the lack of customer support options.,negative
The product is poor quality frequently malfunctions.,negative
I found the user interface intuitive and easy to learn.,positive
The online chat support was helpful and resolved my issue immediately.,positive
The product is of poor quality and frequently malfunctions.,negative
The price was reasonable for the quality of the product.,positive
The online chat support was helpful and resolved my issue immediately.,positive
The monetary_value Washington reasonable for the quality of the product.,positive
The product exceeded my expectations.,positive
The merchandise be precisely arsenic describe on the website.,positive
I appreciate the prompt attention to my order.,positive
I was disappointed in the lack of customer support options.,negative
The product is durable and has lasted longer than expected.,positive
iodine would recommend this merchandise to my friend and family.,positive
The software crashed several times during use.,negative
"I received a follow-up email after purchase, was nice touch.",positive
iodine would recommend this merchandise to my friend and family.,positive
The merchandise exceed my expectations.,positive
product exceeded my expectations.,positive
The instructions were easy to and assembly was quick.,positive
The merchandise be precisely arsenic describe on the website.,positive
I would recommend to my friends and family.,positive
The customer support was slow to respond to my,negative
The merchandise be durable and hour_angle last longer than expected.,positive
The product is exactly as described on the website.,positive
"I received follow-up email after my purchase, was a nice touch.",positive
The product's features are limited compared to competitors.,negative
I had a great experience overall and will purchase from this company again.,positive
I appreciate the prompt attention to my order.,positive
The company's web_site be easy to use and hour_angle helpful information.,positive
"The instructions were easy to follow, and assembly was quick.",positive
The warranty information was difficult to find on the website.,negative
The merchandise Washington well-packaged and arrive inch perfective condition.,positive
The price was reasonable for the quality of the product.,positive
The customer service agent was rude and unhelpful.,negative
I'm very happy with the speed of delivery.,positive
"I had a problem with my order, but the customer team resolved it efficiently.",positive
iodine have angstrom great experience overall and volition purchase from this company again.,positive
The company decide my problem promptly and courteously.,positive
The product is durable and has lasted longer than expected.,positive
The company's website is easy to use and has helpful information.,positive
iodine would recommend this merchandise to my friend and family.,positive
The merchandise Washington well-packaged and arrive inch perfective condition.,positive
The company resolved my problem promptly and courteously.,positive
The product met my expectations and I am satisfied with my purchase.,positive
The merchandise meet my expectation and iodine americium satisfy with my purchase.,positive
iodine found the user interface intuitive and easy to learn.,positive
I would recommend this product to my and family.,positive
I appreciate the prompt attention to my order.,positive
The product is not compatible with my existing system.,negative
The warranty information was difficult to find on the website.,negative
"The instructions were easy to follow, and assembly was quick.",positive
The product was well-packaged and arrived in perfect,positive
"iodine receive angstrom follow-up electronic_mail after my purchase, which Washington angstrom Nice touch.",positive
I am very satisfied with this purchase and will buy it again.,positive
"iodine receive angstrom follow-up electronic_mail after my purchase, which Washington angstrom Nice touch.",positive
The guarantee information Washington difficult to discovery on the website.,negative
I appreciate the prompt attention to my order.,positive
The customer support Washington decelerate to react to my inquiries.,negative
The merchandise meet my expectation and iodine americium satisfy with my purchase.,positive
"The apparatus instruction_manual be unclear, and iodine necessitate to contact support.",negative
The online chat support was helpful resolved issue immediately.,positive
I'm very happy with the speed of delivery.,positive
The online chat support was helpful and resolved my issue immediately.,positive
The customer service was rude and unhelpful.,negative
"packaging was damaged upon arrival, but product was",neutral
I found the user intuitive and easy to learn.,positive
I was disappointed in the lack of customer support options.,negative
The merchandise exceed my expectations.,positive
The customer support Washington decelerate to react to my inquiries.,negative
I was disappointed in the lack of customer support options.,negative
I was disappointed in the lack of customer support options.,negative
was well-packaged and in perfect condition.,positive
The merchandise be not compatible with my exist system.,negative
The product is of poor quality and frequently malfunctions.,negative
I appreciate the prompt attention to my order.,positive
The company's web_site be easy to use and hour_angle helpful information.,positive
The refund process was smooth and hassle-free.,positive
The company's web_site be easy to use and hour_angle helpful information.,positive
The online chat support was helpful and resolved my issue immediately.,positive
The monetary_value Washington reasonable for the quality of the product.,positive
The is exactly as described on the website.,positive
The company's response to my complaint was unsatisfactory.,negative
The customer support was slow to respond to my inquiries.,negative
The tax_return procedure Washington simple and straightforward.,positive
"The packaging Washington damage upon arrival, merely the merchandise Washington fine.",neutral
I found the user interface intuitive and easy to learn.,positive
The refund process was smooth and hassle-free.,positive
"I had a problem with my order, but the customer service team resolved it efficiently.",positive
I the user interface intuitive easy to learn.,positive
The merchandise be precisely arsenic describe on the website.,positive
The return process was and straightforward.,positive
The company's website is easy to use and has helpful information.,positive
iodine Washington disappoint inch the lack of customer support options.,negative
The product is not compatible with my existing system.,negative
The software crashed several times during use.,negative
iodine found the user interface intuitive and easy to learn.,positive
I had problem with my but the customer service team resolved it efficiently.,positive
The product's features are limited compared to competitors.,negative
I found the user interface intuitive and easy to learn.,positive
I found the user interface intuitive and easy to learn.,positive
The product is not compatible with my existing system.,negative
The software crashed several times during use.,negative
The product is of poor quality and frequently malfunctions.,negative
"The setup instructions were unclear, and I needed to contact support.",negative
The company's response to my complaint was unsatisfactory.,negative
The product durable and has lasted longer than expected.,positive
warranty information was difficult to find on the website.,negative
I was disappointed in the lack of customer support options.,negative
I had a great experience overall and will purchase from this company again.,positive
The merchandise exceed my expectations.,positive
The merchandise be precisely arsenic describe on the website.,positive
The customer service agent was rude and unhelpful.,negative
The monetary_value Washington reasonable for the quality of the product.,positive
"The instructions were easy to follow, and assembly was quick.",positive
"I received a follow-up email after my purchase, which was a nice touch.",positive
"The instructions were easy to follow, and assembly was quick.",positive
"The instructions were easy follow, and assembly was quick.",positive
The price was reasonable for the quality of product.,positive
The company's web_site be easy to use and hour_angle helpful information.,positive
The price was reasonable the quality product.,positive
"The setup instructions were unclear, and I needed to contact support.",negative
The software crash several times during use.,negative
"The instructions were easy to follow, and assembly was quick.",positive
warranty information was difficult to find on the,negative
The product is exactly as described on the website.,positive
The software crashed several times during use.,negative
I had a great experience overall and will from this company again.,positive
The merchandise meet my expectation and iodine americium satisfy with my purchase.,positive
The online chat support was helpful and resolved my issue immediately.,positive
The product's features are limited compared to competitors.,negative
The warranty information was difficult to find on the website.,negative
The product was well-packaged and arrived perfect condition.,positive
The product is of poor quality and frequently malfunctions.,negative
The merchandise be of poor_people quality and frequently malfunctions.,negative
The product is of poor quality and frequently malfunctions.,negative
The company's response to my complaint was unsatisfactory.,negative
The product is durable and has lasted longer than expected.,positive
The merchandise be of poor_people quality and frequently malfunctions.,negative
The product is durable and has lasted longer than expected.,positive
The product is not compatible with my existing system.,negative
The price was reasonable for the quality of the product.,positive
I had a great experience overall and will purchase from this company again.,positive
The guarantee information Washington difficult to discovery on the website.,negative
iodine have angstrom great experience overall and volition purchase from this company again.,positive
The refund procedure Washington smooth and hassle-free.,positive
iodine appreciate the prompt attention to my order.,positive
The refund procedure Washington smooth and hassle-free.,positive
The product is not compatible with my existing system.,negative
iodine appreciate the prompt attention to my order.,positive
"I had a problem with my order, but the customer service team resolved it efficiently.",positive
"The instruction_manual be easy to follow, and assembly Washington quick.",positive
I found the user interface intuitive and easy to learn.,positive
The company's website is easy to use has helpful information.,positive
The company decide my problem promptly and courteously.,positive
The refund process was smooth and hassle-free.,positive
iodine found the user interface intuitive and easy to learn.,positive
I am very satisfied with this purchase and will buy again.,positive
appreciate the prompt attention to my order.,positive
I was disappointed in the lack of customer support options.,negative
I'm very happy with the speed of delivery.,positive
company my problem and courteously.,positive
The merchandise be of poor_people quality and frequently malfunctions.,negative
The warranty information was difficult to find on the website.,negative
The return process was simple and straightforward.,positive
The merchandise be precisely arsenic describe on the website.,positive
product is durable has lasted longer than expected.,positive
customer support was slow to respond to my inquiries.,negative
The return process was simple and straightforward.,positive
The merchandise be not compatible with my exist system.,negative
I had a great experience overall and will purchase from this company again.,positive
The software crashed several times during use.,negative
iodine Washington disappoint inch the lack of customer support options.,negative
"iodine have angstrom problem with my order, merely the customer service team decide information_technology efficiently.",positive
The product is not compatible with my existing system.,negative
I found the user intuitive and easy to learn.,positive
The company resolved my problem promptly and courteously.,positive
I was disappointed in the lack of customer support options.,negative
"The instructions were easy to follow, and assembly was quick.",positive
The return process was simple and straightforward.,positive
iodine Washington disappoint inch the lack of customer support options.,negative
The price was reasonable for the quality of,positive
"The packaging Washington damage upon arrival, merely the merchandise Washington fine.",neutral
"iodine receive angstrom follow-up electronic_mail after my purchase, which Washington angstrom Nice touch.",positive
I am very satisfied with purchase and will buy it again.,positive
The refund procedure Washington smooth and hassle-free.,positive
I would recommend this to my friends,positive
The guarantee information Washington difficult to discovery on the website.,negative
The company's response to my complaint was unsatisfactory.,negative
iodine have angstrom great experience overall and volition purchase from this company again.,positive
I'm very happy with the speed of delivery.,positive
The company's website is easy to use and has helpful information.,positive
The company's web_site be easy to use and hour_angle helpful information.,positive
The merchandise be precisely arsenic describe on the website.,positive
The merchandise meet my expectation and iodine americium satisfy with my purchase.,positive
The merchandise meet my expectation and iodine americium satisfy with my purchase.,positive
The software crashed several times during use.,negative
"The packaging was damaged upon arrival, but the product was fine.",neutral
iodine Washington disappoint inch the lack of customer support options.,negative
The merchandise be of poor_people quality and frequently malfunctions.,negative
The features are compared to competitors.,negative
The merchandise be not compatible with my exist system.,negative
The monetary_value Washington reasonable for the quality of the product.,positive
"The packaging Washington damage upon arrival, merely the merchandise Washington fine.",neutral
I was disappointed in the lack of customer support options.,negative
The customer service agent was rude and unhelpful.,negative
The merchandise be precisely arsenic describe on the website.,positive
The company's website is easy to use and has helpful information.,positive
"The apparatus instruction_manual be unclear, and iodine necessitate to contact support.",negative
The company decide my problem promptly and courteously.,positive
The customer support Washington decelerate to react to my inquiries.,negative
The product was well-packaged and arrived in perfect condition.,positive
The warranty information was difficult to find on the website.,negative
The product's features are compared to,negative
iodine found the user interface intuitive and easy to learn.,positive
I was disappointed the lack of customer support options.,negative
The price was reasonable for the quality of the product.,positive
The merchandise Washington well-packaged and arrive inch perfective condition.,positive
The company's website is easy to use and has helpful information.,positive
The merchandise be of poor_people quality and frequently malfunctions.,negative
"iodine have angstrom problem with my order, merely the customer service team decide information_technology efficiently.",positive
product exceeded my,positive
The product's feature are express compare to competitors.,negative
The product is of poor quality and frequently malfunctions.,negative
I found the user interface intuitive and easy to learn.,positive
The company's website is to use has helpful information.,positive
The product met my expectations and I satisfied with my purchase.,positive
The product exceeded my,positive
The merchandise be durable and hour_angle last longer than expected.,positive
The product is of poor quality and frequently malfunctions.,negative
The merchandise be precisely arsenic describe on the website.,positive
The merchandise be precisely arsenic describe on the website.,positive
The company's response to my complaint was,negative
The refund process was smooth and hassle-free.,positive
I'm very happy with the speed of delivery.,positive
The product met my expectations and I am satisfied with my purchase.,positive
"iodine receive angstrom follow-up electronic_mail after my purchase, which Washington angstrom Nice touch.",positive
I appreciate the prompt to my order.,positive
I am very with this purchase will buy it again.,positive
The customer service agent was rude and unhelpful.,negative
I am very satisfied with this purchase and will buy it again.,positive
The return process was simple and straightforward.,positive
The is not compatible with existing system.,negative
The merchandise be precisely arsenic describe on the website.,positive
am very satisfied with this purchase and will buy it again.,positive
I had a great experience overall and will purchase from this company again.,positive
iodine have angstrom great experience overall and volition purchase from this company again.,positive
"The instructions were to follow, and assembly was quick.",positive
iodine would recommend this merchandise to my friend and family.,positive
I found the user interface intuitive and easy to learn.,positive
The price was reasonable for the quality of the product.,positive
"I received a follow-up email after my purchase, which a nice touch.",positive
The refund process was smooth and hassle-free.,positive
The product exceeded my expectations.,positive
"The setup instructions were unclear, and I needed to contact support.",negative
The product met my expectations and I am satisfied my purchase.,positive
online chat support was helpful and resolved issue immediately.,positive
The merchandise be of poor_people quality and frequently malfunctions.,negative
The company resolved my problem promptly and courteously.,positive
The company resolved my problem promptly and courteously.,positive
I am very satisfied with this purchase and will buy it again.,positive
The product met my expectations and I satisfied with my purchase.,positive
The merchandise be not compatible with my exist system.,negative
The product exceeded my expectations.,positive
iodine Washington disappoint inch the lack of customer support options.,negative
I appreciate the prompt attention to my order.,positive
The customer service agent was rude and unhelpful.,negative
The company's website easy to and has helpful information.,positive
The product was well-packaged and arrived in perfect condition.,positive
"received a follow-up email after purchase, which was a nice touch.",positive
The warranty information was difficult to find on the website.,negative
The software crashed several times during use.,negative
I was disappointed in the lack of customer support options.,negative
"I received a follow-up email after my purchase, which a nice",positive
The company decide my problem promptly and courteously.,positive
I'm very happy with the speed of delivery.,positive
"I received a follow-up email after purchase, which was a nice",positive
I found the user interface intuitive and easy to learn.,positive
The warranty information was difficult to find on the website.,negative
The customer service agent was and unhelpful.,negative
The product is not compatible with my existing system.,negative
iodine have angstrom great experience overall and volition purchase from this company again.,positive
The product is exactly as described on the website.,positive
"The instruction_manual be easy to follow, and assembly Washington quick.",positive
I appreciate the prompt attention to my order.,positive
"The packaging damaged upon arrival, but the product was fine.",neutral
The online chat support was helpful and resolved my issue immediately.,positive
I was disappointed in the lack of customer support options.,negative
I disappointed in the lack of customer support options.,negative
The customer service agent Washington ill-mannered and unhelpful.,negative
The company decide my problem promptly and courteously.,positive
"I had a problem with my order, but the customer service team resolved it efficiently.",positive
I'm very happy with the speed of delivery.,positive
The online chat was helpful and resolved my issue immediately.,positive
"The packaging was damaged arrival, but the product was fine.",neutral
The software crashed several times during use.,negative
The company decide my problem promptly and courteously.,positive
"The instruction_manual be easy to follow, and assembly Washington quick.",positive
The customer service agent Washington ill-mannered and unhelpful.,negative
"The packaging was damaged upon arrival, but the product was fine.",neutral
The warranty information was difficult to find on the website.,negative
"The setup instructions were unclear, and I needed to contact support.",negative
"The setup instructions unclear, and I needed to contact support.",negative
The price was reasonable for the quality of the product.,positive
"The instructions were easy to follow, and assembly was quick.",positive
I had great experience overall and will purchase from this company again.,positive
The refund process was smooth and hassle-free.,positive
I found the user interface intuitive and easy to learn.,positive
The product's features are limited compared to competitors.,negative
"I had a problem with my order, but the customer service team resolved it efficiently.",positive
"The setup instructions were unclear, and I needed to contact support.",negative
The product was and arrived in perfect condition.,positive
I would recommend this product to my friends and family.,positive
The refund process was smooth and hassle-free.,positive
The product is exactly as described on website.,positive
The company's website is easy to and has helpful information.,positive
The product is durable and has lasted longer than expected.,positive
The product is exactly as described on the website.,positive
I found the user interface intuitive and easy to learn.,positive
very happy with the speed of delivery.,positive
The product's features are limited compared to competitors.,negative
The software crash several times during use.,negative
The product was and arrived in perfect condition.,positive
The merchandise be of poor_people quality and frequently malfunctions.,negative
"I had a problem with my order, but the customer service team resolved it efficiently.",positive
The warranty information was difficult to find on the website.,negative
The warranty was difficult to find on the,negative
"The setup instructions were unclear, and I needed to contact support.",negative
The company's web_site be easy to use and hour_angle helpful information.,positive
The customer support was slow to respond to my inquiries.,negative
I was disappointed in of customer support options.,negative
The warranty information was difficult to find on the website.,negative
I had a problem with my but the customer team resolved it efficiently.,positive
I found the user interface intuitive and easy to learn.,positive
"The packaging was damaged upon arrival, but the product was fine.",neutral
iodine have angstrom great experience overall and volition purchase from this company again.,positive
iodine have angstrom great experience overall and volition purchase from this company again.,positive
The customer service agent Washington ill-mannered and unhelpful.,negative
"The instruction_manual be easy to follow, and assembly Washington quick.",positive
"I received a follow-up email after my purchase, which was a nice touch.",positive
The product is exactly as described the website.,positive
The online chat support was helpful and resolved my issue immediately.,positive
I appreciate the prompt attention to my order.,positive
The product durable and has lasted than expected.,positive
I appreciate the prompt attention to my order.,positive
The service agent was rude and unhelpful.,negative
I'm happy the speed of delivery.,positive
The merchandise be precisely arsenic describe on the website.,positive
"The apparatus instruction_manual be unclear, and iodine necessitate to contact support.",negative
The customer service agent was rude and unhelpful.,negative
The software crashed several during use.,negative
I found the user interface intuitive and easy to,positive
iodine americium very satisfy with this purchase and volition bargain information_technology again.,positive
The product is exactly as described on the website.,positive
The company's web_site be easy to use and hour_angle helpful information.,positive
The product well-packaged and arrived in perfect condition.,positive
The merchandise be not compatible with my exist system.,negative
I am very satisfied with this purchase and will buy it again.,positive
The company resolved my problem promptly and courteously.,positive
"I had a problem with my order, but the customer service team resolved it efficiently.",positive
I was disappointed in the lack of customer support options.,negative
"iodine receive angstrom follow-up electronic_mail after my purchase, which Washington angstrom Nice touch.",positive
"The instruction_manual be easy to follow, and assembly Washington quick.",positive
The online support was helpful resolved my issue immediately.,positive
The company's response to my complaint was unsatisfactory.,negative
The guarantee information Washington difficult to discovery on the website.,negative
I would recommend this product to my friends and family.,positive
"The apparatus instruction_manual be unclear, and iodine necessitate to contact support.",negative
The refund process was smooth and hassle-free.,positive
I am very satisfied with this purchase and will buy it again.,positive
"The instructions were easy to follow, and assembly was quick.",positive
I had a experience and will purchase from this company again.,positive
The merchandise Washington well-packaged and arrive inch perfective condition.,positive
I appreciate the prompt attention to my order.,positive
The company's website is easy to use and has helpful information.,positive
The guarantee information Washington difficult to discovery on the website.,negative
"The packaging was damaged upon arrival, but the product was fine.",neutral
The merchandise be durable and hour_angle last longer than expected.,positive
The product is exactly as on the website.,positive
I was disappointed in lack of customer support options.,negative
The merchandise be of poor_people quality and frequently malfunctions.,negative
The product met my expectations and I am satisfied with my purchase.,positive
The software crashed several times during use.,negative
iodine appreciate the prompt attention to my order.,positive
The product is exactly as described on the website.,positive
The product's features are limited compared to competitors.,negative
The product met my expectations and I am satisfied with my purchase.,positive
The product exceeded my expectations.,positive
"The instruction_manual be easy to follow, and assembly Washington quick.",positive
The merchandise be durable and hour_angle last longer than expected.,positive
I had a great experience overall and will purchase from this company again.,positive
I'm very happy with the speed of delivery.,positive
The price was reasonable for the quality of the product.,positive
"I had a problem with my order, but the customer service team resolved it efficiently.",positive
"The instruction_manual be easy to follow, and assembly Washington quick.",positive
The online chat support was helpful and resolved my issue immediately.,positive
The product met my expectations and I am satisfied with my purchase.,positive
The product's features are limited compared to competitors.,negative
The product is exactly as described on the website.,positive
"The setup instructions were unclear, and I needed to contact support.",negative
The merchandise be precisely arsenic describe on the website.,positive
iodine found the user interface intuitive and easy to learn.,positive
"I received a follow-up email after my purchase, which was a nice touch.",positive
"iodine receive angstrom follow-up electronic_mail after my purchase, which Washington angstrom Nice touch.",positive
"The packaging Washington damage upon arrival, merely the merchandise Washington fine.",neutral
I'm very happy with the speed of delivery.,positive
"The packaging Washington damage upon arrival, merely the merchandise Washington fine.",neutral
iodine appreciate the prompt attention to my order.,positive
The product met my expectations and I am satisfied with my purchase.,positive
The met my expectations and I satisfied with my purchase.,positive
The company's response to my ailment Washington unsatisfactory.,negative
The product exceeded my expectations.,positive
The product met my expectations and I am satisfied with my purchase.,positive
"The instructions were easy to follow, and assembly was quick.",positive
The on-line chat support Washington helpful and decide my issue immediately.,positive
iodine found the user interface intuitive and easy to learn.,positive
The warranty information was difficult to find on the,negative
The product exceeded my expectations.,positive
I had a great experience overall and will purchase from this company again.,positive
I'm very with the speed of delivery.,positive
The software crashed several times during use.,negative
I am very satisfied with this purchase and will buy it again.,positive
The online chat was helpful and resolved my issue immediately.,positive
The product's features are limited compared to competitors.,negative
The refund process was smooth and hassle-free.,positive
company's response to my complaint was unsatisfactory.,negative
"The setup instructions were unclear, and I needed to contact support.",negative
The tax_return procedure Washington simple and straightforward.,positive
The customer service agent was rude and unhelpful.,negative
The merchandise be of poor_people quality and frequently malfunctions.,negative
The company resolved my problem promptly and courteously.,positive
The guarantee information Washington difficult to discovery on the website.,negative
The product is durable and has lasted longer than expected.,positive
I appreciate the prompt attention to my order.,positive
I was disappointed in the lack of customer support options.,negative
The product is of poor quality malfunctions.,negative
iodine would recommend this merchandise to my friend and family.,positive
The merchandise be not compatible with my exist system.,negative
The product exceeded my expectations.,positive
The product is exactly as described on the website.,positive
"The setup instructions were unclear, and I needed to contact support.",negative
The company's website is easy to use and has helpful information.,positive
The return process was simple and straightforward.,positive
The merchandise be not compatible with my exist system.,negative
The merchandise meet my expectation and iodine americium satisfy with my purchase.,positive
The price was reasonable for the quality of the product.,positive
The product exactly as described on the website.,positive
"I had a problem with my order, but the customer service team resolved it efficiently.",positive
I found the user interface intuitive and easy to learn.,positive
I'm very happy with the speed of delivery.,positive
"I had a problem with my order, but the service team resolved it efficiently.",positive
I was disappointed in the lack of customer support options.,negative
The monetary_value Washington reasonable for the quality of the product.,positive
The warranty information was difficult to find on the website.,negative
The company resolved my problem promptly and courteously.,positive
"iodine have angstrom problem with my order, merely the customer service team decide information_technology efficiently.",positive
The software crash several times during use.,negative
I had a great experience overall and will purchase from again.,positive
The product was well-packaged arrived in perfect condition.,positive
The product met my expectations and I am satisfied with my purchase.,positive
"I had a problem with my order, but the customer service team resolved it efficiently.",positive
The product is not compatible with my existing system.,negative
The customer service agent was rude and unhelpful.,negative
The product's features are limited compared to competitors.,negative
"I had a problem with my order, but the customer service team resolved it efficiently.",positive
The product is durable and has lasted longer than expected.,positive
"I received a follow-up email after my purchase, which was a nice touch.",positive
"The packaging was damaged upon arrival, but the product was fine.",neutral
I was disappointed in the lack of customer support options.,negative
The product was well-packaged and arrived in perfect condition.,positive
The merchandise be of poor_people quality and frequently malfunctions.,negative
The price was reasonable for the quality of the product.,positive
The refund process was smooth and hassle-free.,positive
The customer service agent Washington ill-mannered and unhelpful.,negative
The product is of poor quality and frequently malfunctions.,negative
"I had a problem with my order, the customer service team resolved it efficiently.",positive
I found user interface intuitive and easy to learn.,positive
The merchandise be not compatible with my exist system.,negative
I found the user interface intuitive and easy to learn.,positive
I found user interface intuitive and easy to learn.,positive
I was disappointed in the lack of customer support options.,negative
"The setup instructions were unclear, and I needed to contact support.",negative
iodine Washington disappoint inch the lack of customer support options.,negative
The company's response to my ailment Washington unsatisfactory.,negative
The customer support Washington decelerate to react to my inquiries.,negative
The online chat support was helpful and resolved my issue immediately.,positive
"The packaging Washington damage upon arrival, merely the merchandise Washington fine.",neutral
"iodine have angstrom problem with my order, merely the customer service team decide information_technology efficiently.",positive
The software crashed several times during use.,negative
The merchandise Washington well-packaged and arrive inch perfective condition.,positive
The merchandise be not compatible with my exist system.,negative
were easy to and was quick.,positive
I am satisfied with this and will buy it again.,positive
iodine have angstrom great experience overall and volition purchase from this company again.,positive
The refund process was smooth and hassle-free.,positive
iodine appreciate the prompt attention to my order.,positive
I had a great experience overall and will purchase from this company again.,positive
The online chat support helpful and my issue immediately.,positive
iodine appreciate the prompt attention to my order.,positive
iodine have angstrom great experience overall and volition purchase from this company again.,positive
The software crashed several times use.,negative
I was disappointed in the lack of customer support options.,negative
iodine would recommend this merchandise to my friend and family.,positive
I was disappointed in the lack of customer support options.,negative
"The instructions easy to follow, and assembly was quick.",positive
The product is of poor quality and frequently malfunctions.,negative
The merchandise be not compatible with my exist system.,negative
The guarantee information Washington difficult to discovery on the website.,negative
"The packaging damaged upon arrival, the was fine.",neutral
I found the user interface intuitive and easy to learn.,positive
The product is durable and has lasted longer than expected.,positive
The refund process was smooth and hassle-free.,positive
I had a great experience overall and will purchase from this company again.,positive
The company resolved my problem promptly and courteously.,positive
The product is exactly as described on the website.,positive
The customer support was slow to respond to inquiries.,negative
"The instruction_manual be easy to follow, and assembly Washington quick.",positive
The refund procedure Washington smooth and hassle-free.,positive
iodine appreciate the prompt attention to my order.,positive
The product was well-packaged and arrived in perfect condition.,positive
The guarantee information Washington difficult to discovery on the website.,negative
The was simple and straightforward.,positive
The product met my expectations and I am satisfied with my purchase.,positive
"iodine receive angstrom follow-up electronic_mail after my purchase, which Washington angstrom Nice touch.",positive
The instructions were easy to and assembly was quick.,positive
"I a follow-up email after my purchase, which was touch.",positive
I appreciate the prompt attention to my order.,positive
The product exceeded my expectations.,positive
The price was reasonable for the quality of the,positive
I'm very happy with the speed of delivery.,positive
The product is not compatible with existing,negative
"The instruction_manual be easy to follow, and assembly Washington quick.",positive
The customer service agent was rude and unhelpful.,negative
The customer support was slow to respond to my inquiries.,negative
The software crashed several times during use.,negative
The company's web_site be easy to use and hour_angle helpful information.,positive
The customer support was slow to respond to my inquiries.,negative
The customer support was slow to respond to my inquiries.,negative
The product is of poor quality and frequently malfunctions.,negative
iodine americium very satisfy with this purchase and volition bargain information_technology again.,positive
The company resolved my problem promptly and courteously.,positive
The online chat support was helpful resolved my issue immediately.,positive
The product is exactly as described on the website.,positive
The chat support was helpful and resolved my issue immediately.,positive
The product's features are limited compared to competitors.,negative
The product is not compatible with my existing system.,negative
The customer support Washington decelerate to react to my inquiries.,negative
The company's website is easy to use has helpful information.,positive
"The instructions were easy to follow, and assembly was quick.",positive
I would recommend this product to my friends and family.,positive
The product's features are limited to competitors.,negative
"The instruction_manual be easy to follow, and assembly Washington quick.",positive
The company's response to my complaint was unsatisfactory.,negative
The product's features are compared to competitors.,negative
The product is durable and has lasted longer than expected.,positive
The product is not compatible with my existing system.,negative
"The instructions were easy to follow, and assembly was quick.",positive
The software crashed several times during use.,negative
"The instruction_manual be easy to follow, and assembly Washington quick.",positive
The company decide my problem promptly and courteously.,positive
"The instructions were easy follow, and assembly was quick.",positive
I found the user interface intuitive and easy to learn.,positive
"The packaging was damaged upon arrival, but the product was fine.",neutral
The product met my expectations and I am satisfied with my purchase.,positive
The tax_return procedure Washington simple and straightforward.,positive
The crashed several during use.,negative
The tax_return procedure Washington simple and straightforward.,positive
"The packaging was damaged upon arrival, but the product was fine.",neutral
"iodine have angstrom problem with my order, merely the customer service team decide information_technology efficiently.",positive
"The instructions were easy to follow, assembly was quick.",positive
The product was well-packaged and arrived in perfect condition.,positive
"The instructions were easy to follow, and assembly was quick.",positive
The warranty information was difficult to find on the website.,negative
"The instructions were easy to follow, and assembly was quick.",positive
I would recommend product to my and family.,positive
"I had a problem with my order, but the customer service team resolved it efficiently.",positive
The product met my expectations and I am satisfied with my purchase.,positive
"The instructions easy to follow, and assembly was quick.",positive
I would recommend this product to my friends and,positive
"I received a follow-up email after my purchase, which was a nice touch.",positive
"The apparatus instruction_manual be unclear, and iodine necessitate to contact support.",negative
The product is exactly as described on the website.,positive
The reasonable for the quality of the product.,positive
"The packaging was damaged upon arrival, but product was fine.",neutral
